{"cameraMode":{"drawMode":0,"name":"Shaded","section":"Shading Mode"},"sceneLighting":false,"audioPlay":false,"sceneViewState":{"m_AlwaysRefresh":false,"showFog":true,"showSkybox":false,"showFlares":true,"showImageEffects":true,"showParticleSystems":true,"showVisualEffectGraphs":true,"m_FxEnabled":true},"in2DMode":false,"pivot":{"x":-23.533266067504884,"y":18.510311126708986,"z":-23.701990127563478},"rotation":{"x":-0.34017470479011538,"y":-0.16466692090034486,"z":0.060687270015478137,"w":-0.9238699078559876},"size":1.1180349588394166,"orthographic":false}