{"cameraMode":{"drawMode":0,"name":"Shaded","section":"Shading Mode"},"sceneLighting":false,"audioPlay":false,"sceneViewState":{"m_AlwaysRefresh":false,"showFog":true,"showSkybox":false,"showFlares":true,"showImageEffects":true,"showParticleSystems":true,"showVisualEffectGraphs":true,"m_FxEnabled":true},"in2DMode":false,"pivot":{"x":-14.621501922607422,"y":-9.025798797607422,"z":22.634721755981447},"rotation":{"x":-0.30867114663124087,"y":-0.015097154304385186,"z":0.0050145466811954979,"w":-0.9511294960975647},"size":0.8660253882408142,"orthographic":false}