{"cameraMode":{"drawMode":0,"name":"Shaded","section":"Shading Mode"},"sceneLighting":false,"audioPlay":false,"sceneViewState":{"m_AlwaysRefresh":false,"showFog":true,"showSkybox":false,"showFlares":true,"showImageEffects":true,"showParticleSystems":true,"showVisualEffectGraphs":true,"m_FxEnabled":true},"in2DMode":false,"pivot":{"x":0.30500030517578127,"y":2.3199996948242189,"z":10.010000228881836},"rotation":{"x":-0.022800233215093614,"y":0.02608843520283699,"z":-0.0005993060185573995,"w":-0.9994089603424072},"size":31.259817123413087,"orthographic":false}