{"cameraMode":{"drawMode":0,"name":"Shaded","section":"Shading Mode"},"sceneLighting":true,"audioPlay":false,"sceneViewState":{"m_AlwaysRefresh":false,"showFog":true,"showSkybox":true,"showFlares":true,"showImageEffects":true,"showParticleSystems":true,"showVisualEffectGraphs":true,"m_FxEnabled":true},"in2DMode":false,"pivot":{"x":-4.515005111694336,"y":12.921767234802246,"z":-14.684414863586426},"rotation":{"x":0.2174626588821411,"y":-0.030324671417474748,"z":0.007302036043256521,"w":0.9757006764411926},"size":1.932614803314209,"orthographic":false}