{"cameraMode":{"drawMode":0,"name":"Shaded","section":"Shading Mode"},"sceneLighting":true,"audioPlay":false,"sceneViewState":{"m_AlwaysRefresh":false,"showFog":true,"showSkybox":true,"showFlares":true,"showImageEffects":true,"showParticleSystems":true,"showVisualEffectGraphs":true,"m_FxEnabled":true},"in2DMode":false,"pivot":{"x":6.799496173858643,"y":17.496742248535158,"z":-24.241125106811525},"rotation":{"x":0.20438696444034577,"y":0.0004137707583140582,"z":0.00045515457168221474,"w":0.9790199995040894},"size":1.932614803314209,"orthographic":false}